[
{
  "model": "catalog.category",
  "pk": 4,
  "fields": {
    "name": "Овощи",
    "is_published": true,
    "slug": "vegetables",
    "weight": 100,
    "normalization_data": "ovoshchi"
  }
},
{
  "model": "catalog.category",
  "pk": 5,
  "fields": {
    "name": "Фрукты",
    "is_published": true,
    "slug": "fruits",
    "weight": 100,
    "normalization_data": "frukty"
  }
},
{
  "model": "catalog.category",
  "pk": 6,
  "fields": {
    "name": "Мясо",
    "is_published": true,
    "slug": "meat",
    "weight": 100,
    "normalization_data": "miaso"
  }
},
{
  "model": "catalog.tag",
  "pk": 6,
  "fields": {
    "name": "Питательно",
    "is_published": true,
    "slug": "naturaly",
    "normalization_data": "pitatel'no"
  }
},
{
  "model": "catalog.tag",
  "pk": 7,
  "fields": {
    "name": "СпортПит",
    "is_published": true,
    "slug": "sport",
    "normalization_data": "sportpit"
  }
},
{
  "model": "catalog.tag",
  "pk": 8,
  "fields": {
    "name": "ДляДома",
    "is_published": true,
    "slug": "ForHome",
    "normalization_data": "dliadoma"
  }
},
{
  "model": "catalog.tag",
  "pk": 9,
  "fields": {
    "name": "Вкусно",
    "is_published": true,
    "slug": "taste",
    "normalization_data": "vkusno"
  }
},
{
  "model": "catalog.tag",
  "pk": 10,
  "fields": {
    "name": "Полезно",
    "is_published": true,
    "slug": "good",
    "normalization_data": "polezno"
  }
},
{
  "model": "catalog.mainimage",
  "pk": 1,
  "fields": {
    "image": "apple_WBow8F4.jpg"
  }
},
{
  "model": "catalog.mainimage",
  "pk": 2,
  "fields": {
    "image": "baranina_32R7bp0.jpg"
  }
},
{
  "model": "catalog.mainimage",
  "pk": 3,
  "fields": {
    "image": "beef_qz8Axhi.jpg"
  }
},
{
  "model": "catalog.mainimage",
  "pk": 4,
  "fields": {
    "image": "cabbage_p7CCfdk.jpg"
  }
},
{
  "model": "catalog.mainimage",
  "pk": 5,
  "fields": {
    "image": "cucumber_lHD4mFb.jpg"
  }
},
{
  "model": "catalog.images",
  "pk": 1,
  "fields": {
    "image": "baranina-kare_oO6QGOy.jpg"
  }
},
{
  "model": "catalog.item",
  "pk": 1,
  "fields": {
    "name": "Яблоко",
    "is_published": true,
    "text": "Превосходно",
    "category": 5,
    "images": 1,
    "main_image": 1,
    "tags": [
      9,
      10
    ]
  }
},
{
  "model": "catalog.item",
  "pk": 2,
  "fields": {
    "name": "Баранина",
    "is_published": true,
    "text": "Превосходно",
    "category": 6,
    "images": 1,
    "main_image": 2,
    "tags": [
      6,
      9,
      10
    ]
  }
},
{
  "model": "catalog.item",
  "pk": 3,
  "fields": {
    "name": "Говядина",
    "is_published": true,
    "text": "Превосходно",
    "category": 6,
    "images": 1,
    "main_image": 3,
    "tags": [
      6,
      9,
      10
    ]
  }
},
{
  "model": "catalog.item",
  "pk": 4,
  "fields": {
    "name": "Капуста",
    "is_published": true,
    "text": "Превосходно",
    "category": 4,
    "images": 1,
    "main_image": 4,
    "tags": [
      9,
      10
    ]
  }
},
{
  "model": "catalog.item",
  "pk": 5,
  "fields": {
    "name": "Огурцы",
    "is_published": true,
    "text": "Превосходно",
    "category": 4,
    "images": 1,
    "main_image": 5,
    "tags": [
      9,
      10
    ]
  }
},
{
  "model": "admin.logentry",
  "pk": 1,
  "fields": {
    "action_time": "2024-02-22T17:27:18.748Z",
    "user": 2,
    "content_type": 1,
    "object_id": "1",
    "object_repr": "Овощи",
    "action_flag": 1,
    "change_message": "[{\"added\": {}}]"
  }
},
{
  "model": "admin.logentry",
  "pk": 2,
  "fields": {
    "action_time": "2024-02-22T17:27:31.942Z",
    "user": 2,
    "content_type": 1,
    "object_id": "2",
    "object_repr": "Фрукты",
    "action_flag": 1,
    "change_message": "[{\"added\": {}}]"
  }
},
{
  "model": "admin.logentry",
  "pk": 3,
  "fields": {
    "action_time": "2024-02-22T17:27:39.976Z",
    "user": 2,
    "content_type": 1,
    "object_id": "3",
    "object_repr": "Мясо",
    "action_flag": 1,
    "change_message": "[{\"added\": {}}]"
  }
},
{
  "model": "admin.logentry",
  "pk": 4,
  "fields": {
    "action_time": "2024-02-22T17:28:17.578Z",
    "user": 2,
    "content_type": 2,
    "object_id": "1",
    "object_repr": "ДляДома",
    "action_flag": 1,
    "change_message": "[{\"added\": {}}]"
  }
},
{
  "model": "admin.logentry",
  "pk": 5,
  "fields": {
    "action_time": "2024-02-22T17:28:45.435Z",
    "user": 2,
    "content_type": 2,
    "object_id": "2",
    "object_repr": "Питательно",
    "action_flag": 1,
    "change_message": "[{\"added\": {}}]"
  }
},
{
  "model": "admin.logentry",
  "pk": 6,
  "fields": {
    "action_time": "2024-02-22T17:29:02.832Z",
    "user": 2,
    "content_type": 2,
    "object_id": "3",
    "object_repr": "Спортпит",
    "action_flag": 1,
    "change_message": "[{\"added\": {}}]"
  }
},
{
  "model": "admin.logentry",
  "pk": 7,
  "fields": {
    "action_time": "2024-02-22T17:29:42.231Z",
    "user": 2,
    "content_type": 2,
    "object_id": "4",
    "object_repr": "Фреш",
    "action_flag": 1,
    "change_message": "[{\"added\": {}}]"
  }
},
{
  "model": "admin.logentry",
  "pk": 8,
  "fields": {
    "action_time": "2024-02-22T17:30:19.584Z",
    "user": 2,
    "content_type": 2,
    "object_id": "5",
    "object_repr": "Десерт",
    "action_flag": 1,
    "change_message": "[{\"added\": {}}]"
  }
},
{
  "model": "admin.logentry",
  "pk": 9,
  "fields": {
    "action_time": "2024-02-22T17:32:53.328Z",
    "user": 2,
    "content_type": 3,
    "object_id": "1",
    "object_repr": "Баранина",
    "action_flag": 1,
    "change_message": "[{\"added\": {}}]"
  }
},
{
  "model": "admin.logentry",
  "pk": 10,
  "fields": {
    "action_time": "2024-02-22T17:33:07.233Z",
    "user": 2,
    "content_type": 3,
    "object_id": "2",
    "object_repr": "Говядина",
    "action_flag": 1,
    "change_message": "[{\"added\": {}}]"
  }
},
{
  "model": "admin.logentry",
  "pk": 11,
  "fields": {
    "action_time": "2024-02-22T17:34:04.676Z",
    "user": 2,
    "content_type": 3,
    "object_id": "3",
    "object_repr": "Капуста",
    "action_flag": 1,
    "change_message": "[{\"added\": {}}]"
  }
},
{
  "model": "admin.logentry",
  "pk": 12,
  "fields": {
    "action_time": "2024-02-22T17:34:53.691Z",
    "user": 2,
    "content_type": 3,
    "object_id": "4",
    "object_repr": "Яблоко",
    "action_flag": 1,
    "change_message": "[{\"added\": {}}]"
  }
},
{
  "model": "admin.logentry",
  "pk": 13,
  "fields": {
    "action_time": "2024-02-22T17:35:23.607Z",
    "user": 2,
    "content_type": 3,
    "object_id": "5",
    "object_repr": "Огурец",
    "action_flag": 1,
    "change_message": "[{\"added\": {}}]"
  }
},
{
  "model": "admin.logentry",
  "pk": 14,
  "fields": {
    "action_time": "2024-02-23T07:57:51.678Z",
    "user": 2,
    "content_type": 2,
    "object_id": "6",
    "object_repr": "десерт",
    "action_flag": 1,
    "change_message": "[{\"added\": {}}]"
  }
},
{
  "model": "admin.logentry",
  "pk": 15,
  "fields": {
    "action_time": "2024-02-23T07:59:44.473Z",
    "user": 2,
    "content_type": 2,
    "object_id": "6",
    "object_repr": "десерт",
    "action_flag": 2,
    "change_message": "[]"
  }
},
{
  "model": "admin.logentry",
  "pk": 16,
  "fields": {
    "action_time": "2024-02-23T09:43:23.459Z",
    "user": 2,
    "content_type": 2,
    "object_id": "6",
    "object_repr": "десерт",
    "action_flag": 2,
    "change_message": "[]"
  }
},
{
  "model": "admin.logentry",
  "pk": 17,
  "fields": {
    "action_time": "2024-02-23T09:47:26.876Z",
    "user": 2,
    "content_type": 2,
    "object_id": "6",
    "object_repr": "десерт",
    "action_flag": 2,
    "change_message": "[]"
  }
},
{
  "model": "admin.logentry",
  "pk": 18,
  "fields": {
    "action_time": "2024-02-23T09:48:50.048Z",
    "user": 2,
    "content_type": 2,
    "object_id": "6",
    "object_repr": "десерт",
    "action_flag": 2,
    "change_message": "[]"
  }
},
{
  "model": "admin.logentry",
  "pk": 19,
  "fields": {
    "action_time": "2024-02-23T09:49:12.135Z",
    "user": 2,
    "content_type": 2,
    "object_id": "6",
    "object_repr": "десерт",
    "action_flag": 2,
    "change_message": "[]"
  }
},
{
  "model": "admin.logentry",
  "pk": 20,
  "fields": {
    "action_time": "2024-02-23T09:49:25.956Z",
    "user": 2,
    "content_type": 2,
    "object_id": "1",
    "object_repr": "ДляДома",
    "action_flag": 2,
    "change_message": "[{\"changed\": {\"fields\": [\"\\u041f\\u0440\\u0430\\u0432\\u0438\\u043b\\u044c\\u043d\\u044b\\u0435 \\u0434\\u0430\\u043d\\u043d\\u044b\\u0435\"]}}]"
  }
},
{
  "model": "admin.logentry",
  "pk": 21,
  "fields": {
    "action_time": "2024-02-23T09:49:34.556Z",
    "user": 2,
    "content_type": 2,
    "object_id": "2",
    "object_repr": "Питательно",
    "action_flag": 2,
    "change_message": "[{\"changed\": {\"fields\": [\"\\u041f\\u0440\\u0430\\u0432\\u0438\\u043b\\u044c\\u043d\\u044b\\u0435 \\u0434\\u0430\\u043d\\u043d\\u044b\\u0435\"]}}]"
  }
},
{
  "model": "admin.logentry",
  "pk": 22,
  "fields": {
    "action_time": "2024-02-23T09:49:44.043Z",
    "user": 2,
    "content_type": 2,
    "object_id": "3",
    "object_repr": "Спортпит",
    "action_flag": 2,
    "change_message": "[{\"changed\": {\"fields\": [\"\\u041f\\u0440\\u0430\\u0432\\u0438\\u043b\\u044c\\u043d\\u044b\\u0435 \\u0434\\u0430\\u043d\\u043d\\u044b\\u0435\"]}}]"
  }
},
{
  "model": "admin.logentry",
  "pk": 23,
  "fields": {
    "action_time": "2024-02-23T09:49:48.879Z",
    "user": 2,
    "content_type": 2,
    "object_id": "4",
    "object_repr": "Фреш",
    "action_flag": 2,
    "change_message": "[{\"changed\": {\"fields\": [\"\\u041f\\u0440\\u0430\\u0432\\u0438\\u043b\\u044c\\u043d\\u044b\\u0435 \\u0434\\u0430\\u043d\\u043d\\u044b\\u0435\"]}}]"
  }
},
{
  "model": "admin.logentry",
  "pk": 24,
  "fields": {
    "action_time": "2024-02-23T09:49:54.291Z",
    "user": 2,
    "content_type": 2,
    "object_id": "5",
    "object_repr": "Десерт",
    "action_flag": 2,
    "change_message": "[{\"changed\": {\"fields\": [\"\\u041f\\u0440\\u0430\\u0432\\u0438\\u043b\\u044c\\u043d\\u044b\\u0435 \\u0434\\u0430\\u043d\\u043d\\u044b\\u0435\"]}}]"
  }
},
{
  "model": "admin.logentry",
  "pk": 25,
  "fields": {
    "action_time": "2024-02-23T10:13:03.503Z",
    "user": 2,
    "content_type": 2,
    "object_id": "6",
    "object_repr": "Десерт1",
    "action_flag": 2,
    "change_message": "[{\"changed\": {\"fields\": [\"\\u041d\\u0430\\u0437\\u0432\\u0430\\u043d\\u0438\\u0435\"]}}]"
  }
},
{
  "model": "admin.logentry",
  "pk": 26,
  "fields": {
    "action_time": "2024-02-23T10:14:11.308Z",
    "user": 2,
    "content_type": 2,
    "object_id": "7",
    "object_repr": "Десерт1",
    "action_flag": 1,
    "change_message": "[{\"added\": {}}]"
  }
},
{
  "model": "admin.logentry",
  "pk": 27,
  "fields": {
    "action_time": "2024-02-23T10:15:34.467Z",
    "user": 2,
    "content_type": 2,
    "object_id": "7",
    "object_repr": "Десерт1",
    "action_flag": 2,
    "change_message": "[]"
  }
},
{
  "model": "admin.logentry",
  "pk": 28,
  "fields": {
    "action_time": "2024-02-23T10:15:53.267Z",
    "user": 2,
    "content_type": 2,
    "object_id": "7",
    "object_repr": "Десерт1",
    "action_flag": 2,
    "change_message": "[]"
  }
},
{
  "model": "admin.logentry",
  "pk": 29,
  "fields": {
    "action_time": "2024-02-26T15:40:46.667Z",
    "user": 2,
    "content_type": 13,
    "object_id": "1",
    "object_repr": "MainImage object (1)",
    "action_flag": 2,
    "change_message": "[{\"changed\": {\"fields\": [\"Image\"]}}]"
  }
},
{
  "model": "admin.logentry",
  "pk": 30,
  "fields": {
    "action_time": "2024-02-26T17:19:11.801Z",
    "user": 2,
    "content_type": 11,
    "object_id": "2",
    "object_repr": "Images object (2)",
    "action_flag": 1,
    "change_message": "[{\"added\": {}}]"
  }
},
{
  "model": "admin.logentry",
  "pk": 31,
  "fields": {
    "action_time": "2024-02-26T17:20:58.596Z",
    "user": 2,
    "content_type": 11,
    "object_id": "3",
    "object_repr": "Images object (3)",
    "action_flag": 1,
    "change_message": "[{\"added\": {}}]"
  }
},
{
  "model": "admin.logentry",
  "pk": 32,
  "fields": {
    "action_time": "2024-02-27T18:32:12.920Z",
    "user": 2,
    "content_type": 11,
    "object_id": "4",
    "object_repr": "Images object (4)",
    "action_flag": 1,
    "change_message": "[{\"added\": {}}]"
  }
},
{
  "model": "admin.logentry",
  "pk": 33,
  "fields": {
    "action_time": "2024-02-27T18:33:46.976Z",
    "user": 2,
    "content_type": 11,
    "object_id": "5",
    "object_repr": "Images object (5)",
    "action_flag": 1,
    "change_message": "[{\"added\": {}}]"
  }
},
{
  "model": "admin.logentry",
  "pk": 34,
  "fields": {
    "action_time": "2024-02-27T18:36:49.231Z",
    "user": 2,
    "content_type": 11,
    "object_id": "6",
    "object_repr": "Images object (6)",
    "action_flag": 1,
    "change_message": "[{\"added\": {}}]"
  }
},
{
  "model": "admin.logentry",
  "pk": 35,
  "fields": {
    "action_time": "2024-02-27T18:40:06.081Z",
    "user": 2,
    "content_type": 13,
    "object_id": "2",
    "object_repr": "MainImage object (2)",
    "action_flag": 1,
    "change_message": "[{\"added\": {}}]"
  }
},
{
  "model": "admin.logentry",
  "pk": 36,
  "fields": {
    "action_time": "2024-02-27T18:40:23.329Z",
    "user": 2,
    "content_type": 13,
    "object_id": "3",
    "object_repr": "MainImage object (3)",
    "action_flag": 1,
    "change_message": "[{\"added\": {}}]"
  }
},
{
  "model": "admin.logentry",
  "pk": 37,
  "fields": {
    "action_time": "2024-02-27T18:40:28.734Z",
    "user": 2,
    "content_type": 13,
    "object_id": "4",
    "object_repr": "MainImage object (4)",
    "action_flag": 1,
    "change_message": "[{\"added\": {}}]"
  }
},
{
  "model": "admin.logentry",
  "pk": 38,
  "fields": {
    "action_time": "2024-02-27T18:40:35.382Z",
    "user": 2,
    "content_type": 13,
    "object_id": "5",
    "object_repr": "MainImage object (5)",
    "action_flag": 1,
    "change_message": "[{\"added\": {}}]"
  }
},
{
  "model": "admin.logentry",
  "pk": 39,
  "fields": {
    "action_time": "2024-02-28T20:05:17.878Z",
    "user": 2,
    "content_type": 3,
    "object_id": "3",
    "object_repr": "Яблоко",
    "action_flag": 2,
    "change_message": "[]"
  }
},
{
  "model": "admin.logentry",
  "pk": 40,
  "fields": {
    "action_time": "2024-02-28T20:44:42.745Z",
    "user": 2,
    "content_type": 13,
    "object_id": "6",
    "object_repr": "MainImage object (6)",
    "action_flag": 1,
    "change_message": "[{\"added\": {}}]"
  }
},
{
  "model": "admin.logentry",
  "pk": 41,
  "fields": {
    "action_time": "2024-02-28T20:58:49.927Z",
    "user": 2,
    "content_type": 13,
    "object_id": "7",
    "object_repr": "MainImage object (7)",
    "action_flag": 1,
    "change_message": "[{\"added\": {}}]"
  }
},
{
  "model": "admin.logentry",
  "pk": 42,
  "fields": {
    "action_time": "2024-02-28T20:58:55.925Z",
    "user": 2,
    "content_type": 13,
    "object_id": "8",
    "object_repr": "MainImage object (8)",
    "action_flag": 1,
    "change_message": "[{\"added\": {}}]"
  }
},
{
  "model": "admin.logentry",
  "pk": 43,
  "fields": {
    "action_time": "2024-02-28T20:59:00.500Z",
    "user": 2,
    "content_type": 13,
    "object_id": "9",
    "object_repr": "MainImage object (9)",
    "action_flag": 1,
    "change_message": "[{\"added\": {}}]"
  }
},
{
  "model": "admin.logentry",
  "pk": 44,
  "fields": {
    "action_time": "2024-02-28T20:59:05.597Z",
    "user": 2,
    "content_type": 13,
    "object_id": "10",
    "object_repr": "MainImage object (10)",
    "action_flag": 1,
    "change_message": "[{\"added\": {}}]"
  }
},
{
  "model": "admin.logentry",
  "pk": 45,
  "fields": {
    "action_time": "2024-02-28T20:59:11.184Z",
    "user": 2,
    "content_type": 13,
    "object_id": "11",
    "object_repr": "MainImage object (11)",
    "action_flag": 1,
    "change_message": "[{\"added\": {}}]"
  }
},
{
  "model": "admin.logentry",
  "pk": 46,
  "fields": {
    "action_time": "2024-02-28T20:59:15.708Z",
    "user": 2,
    "content_type": 13,
    "object_id": "12",
    "object_repr": "MainImage object (12)",
    "action_flag": 1,
    "change_message": "[{\"added\": {}}]"
  }
},
{
  "model": "admin.logentry",
  "pk": 47,
  "fields": {
    "action_time": "2024-02-28T21:01:22.268Z",
    "user": 2,
    "content_type": 13,
    "object_id": "13",
    "object_repr": "MainImage object (13)",
    "action_flag": 1,
    "change_message": "[{\"added\": {}}]"
  }
},
{
  "model": "admin.logentry",
  "pk": 48,
  "fields": {
    "action_time": "2024-02-28T21:01:28.271Z",
    "user": 2,
    "content_type": 13,
    "object_id": "14",
    "object_repr": "MainImage object (14)",
    "action_flag": 1,
    "change_message": "[{\"added\": {}}]"
  }
},
{
  "model": "admin.logentry",
  "pk": 49,
  "fields": {
    "action_time": "2024-02-28T21:01:33.190Z",
    "user": 2,
    "content_type": 13,
    "object_id": "15",
    "object_repr": "MainImage object (15)",
    "action_flag": 1,
    "change_message": "[{\"added\": {}}]"
  }
},
{
  "model": "admin.logentry",
  "pk": 50,
  "fields": {
    "action_time": "2024-02-28T21:01:37.254Z",
    "user": 2,
    "content_type": 13,
    "object_id": "16",
    "object_repr": "MainImage object (16)",
    "action_flag": 1,
    "change_message": "[{\"added\": {}}]"
  }
},
{
  "model": "admin.logentry",
  "pk": 51,
  "fields": {
    "action_time": "2024-02-28T21:01:41.812Z",
    "user": 2,
    "content_type": 13,
    "object_id": "17",
    "object_repr": "MainImage object (17)",
    "action_flag": 1,
    "change_message": "[{\"added\": {}}]"
  }
},
{
  "model": "admin.logentry",
  "pk": 52,
  "fields": {
    "action_time": "2024-02-28T21:01:46.417Z",
    "user": 2,
    "content_type": 11,
    "object_id": "4",
    "object_repr": "Images object (4)",
    "action_flag": 1,
    "change_message": "[{\"added\": {}}]"
  }
},
{
  "model": "admin.logentry",
  "pk": 53,
  "fields": {
    "action_time": "2024-02-28T21:02:00.831Z",
    "user": 2,
    "content_type": 1,
    "object_id": "4",
    "object_repr": "Овощи",
    "action_flag": 1,
    "change_message": "[{\"added\": {}}]"
  }
},
{
  "model": "admin.logentry",
  "pk": 54,
  "fields": {
    "action_time": "2024-02-28T21:02:08.274Z",
    "user": 2,
    "content_type": 1,
    "object_id": "5",
    "object_repr": "Фрукты",
    "action_flag": 1,
    "change_message": "[{\"added\": {}}]"
  }
},
{
  "model": "admin.logentry",
  "pk": 55,
  "fields": {
    "action_time": "2024-02-28T21:02:25.205Z",
    "user": 2,
    "content_type": 1,
    "object_id": "6",
    "object_repr": "Мясо",
    "action_flag": 1,
    "change_message": "[{\"added\": {}}]"
  }
},
{
  "model": "admin.logentry",
  "pk": 56,
  "fields": {
    "action_time": "2024-02-28T21:02:39.034Z",
    "user": 2,
    "content_type": 2,
    "object_id": "6",
    "object_repr": "Питательно",
    "action_flag": 1,
    "change_message": "[{\"added\": {}}]"
  }
},
{
  "model": "admin.logentry",
  "pk": 57,
  "fields": {
    "action_time": "2024-02-28T21:02:56.884Z",
    "user": 2,
    "content_type": 2,
    "object_id": "7",
    "object_repr": "СпортПит",
    "action_flag": 1,
    "change_message": "[{\"added\": {}}]"
  }
},
{
  "model": "admin.logentry",
  "pk": 58,
  "fields": {
    "action_time": "2024-02-28T21:03:09.892Z",
    "user": 2,
    "content_type": 2,
    "object_id": "8",
    "object_repr": "ДляДома",
    "action_flag": 1,
    "change_message": "[{\"added\": {}}]"
  }
},
{
  "model": "admin.logentry",
  "pk": 59,
  "fields": {
    "action_time": "2024-02-28T21:03:53.792Z",
    "user": 2,
    "content_type": 2,
    "object_id": "9",
    "object_repr": "Вкусно",
    "action_flag": 1,
    "change_message": "[{\"added\": {}}]"
  }
},
{
  "model": "admin.logentry",
  "pk": 60,
  "fields": {
    "action_time": "2024-02-28T21:04:10.765Z",
    "user": 2,
    "content_type": 2,
    "object_id": "10",
    "object_repr": "Полезно",
    "action_flag": 1,
    "change_message": "[{\"added\": {}}]"
  }
},
{
  "model": "admin.logentry",
  "pk": 61,
  "fields": {
    "action_time": "2024-02-28T21:05:41.222Z",
    "user": 2,
    "content_type": 3,
    "object_id": "1",
    "object_repr": "Яблоко",
    "action_flag": 1,
    "change_message": "[{\"added\": {}}]"
  }
},
{
  "model": "admin.logentry",
  "pk": 62,
  "fields": {
    "action_time": "2024-02-28T21:06:11.883Z",
    "user": 2,
    "content_type": 3,
    "object_id": "2",
    "object_repr": "Баранина",
    "action_flag": 1,
    "change_message": "[{\"added\": {}}]"
  }
},
{
  "model": "admin.logentry",
  "pk": 63,
  "fields": {
    "action_time": "2024-02-28T21:06:58.734Z",
    "user": 2,
    "content_type": 3,
    "object_id": "3",
    "object_repr": "Говядина",
    "action_flag": 1,
    "change_message": "[{\"added\": {}}]"
  }
},
{
  "model": "admin.logentry",
  "pk": 64,
  "fields": {
    "action_time": "2024-02-28T21:07:21.066Z",
    "user": 2,
    "content_type": 3,
    "object_id": "4",
    "object_repr": "Капуста",
    "action_flag": 1,
    "change_message": "[{\"added\": {}}]"
  }
},
{
  "model": "admin.logentry",
  "pk": 65,
  "fields": {
    "action_time": "2024-02-28T21:07:45.428Z",
    "user": 2,
    "content_type": 3,
    "object_id": "5",
    "object_repr": "Огурцы",
    "action_flag": 1,
    "change_message": "[{\"added\": {}}]"
  }
},
{
  "model": "auth.permission",
  "pk": 1,
  "fields": {
    "name": "Can add категория",
    "content_type": 1,
    "codename": "add_category"
  }
},
{
  "model": "auth.permission",
  "pk": 2,
  "fields": {
    "name": "Can change категория",
    "content_type": 1,
    "codename": "change_category"
  }
},
{
  "model": "auth.permission",
  "pk": 3,
  "fields": {
    "name": "Can delete категория",
    "content_type": 1,
    "codename": "delete_category"
  }
},
{
  "model": "auth.permission",
  "pk": 4,
  "fields": {
    "name": "Can view категория",
    "content_type": 1,
    "codename": "view_category"
  }
},
{
  "model": "auth.permission",
  "pk": 5,
  "fields": {
    "name": "Can add тег",
    "content_type": 2,
    "codename": "add_tag"
  }
},
{
  "model": "auth.permission",
  "pk": 6,
  "fields": {
    "name": "Can change тег",
    "content_type": 2,
    "codename": "change_tag"
  }
},
{
  "model": "auth.permission",
  "pk": 7,
  "fields": {
    "name": "Can delete тег",
    "content_type": 2,
    "codename": "delete_tag"
  }
},
{
  "model": "auth.permission",
  "pk": 8,
  "fields": {
    "name": "Can view тег",
    "content_type": 2,
    "codename": "view_tag"
  }
},
{
  "model": "auth.permission",
  "pk": 9,
  "fields": {
    "name": "Can add товар",
    "content_type": 3,
    "codename": "add_item"
  }
},
{
  "model": "auth.permission",
  "pk": 10,
  "fields": {
    "name": "Can change товар",
    "content_type": 3,
    "codename": "change_item"
  }
},
{
  "model": "auth.permission",
  "pk": 11,
  "fields": {
    "name": "Can delete товар",
    "content_type": 3,
    "codename": "delete_item"
  }
},
{
  "model": "auth.permission",
  "pk": 12,
  "fields": {
    "name": "Can view товар",
    "content_type": 3,
    "codename": "view_item"
  }
},
{
  "model": "auth.permission",
  "pk": 13,
  "fields": {
    "name": "Can add log entry",
    "content_type": 4,
    "codename": "add_logentry"
  }
},
{
  "model": "auth.permission",
  "pk": 14,
  "fields": {
    "name": "Can change log entry",
    "content_type": 4,
    "codename": "change_logentry"
  }
},
{
  "model": "auth.permission",
  "pk": 15,
  "fields": {
    "name": "Can delete log entry",
    "content_type": 4,
    "codename": "delete_logentry"
  }
},
{
  "model": "auth.permission",
  "pk": 16,
  "fields": {
    "name": "Can view log entry",
    "content_type": 4,
    "codename": "view_logentry"
  }
},
{
  "model": "auth.permission",
  "pk": 17,
  "fields": {
    "name": "Can add permission",
    "content_type": 5,
    "codename": "add_permission"
  }
},
{
  "model": "auth.permission",
  "pk": 18,
  "fields": {
    "name": "Can change permission",
    "content_type": 5,
    "codename": "change_permission"
  }
},
{
  "model": "auth.permission",
  "pk": 19,
  "fields": {
    "name": "Can delete permission",
    "content_type": 5,
    "codename": "delete_permission"
  }
},
{
  "model": "auth.permission",
  "pk": 20,
  "fields": {
    "name": "Can view permission",
    "content_type": 5,
    "codename": "view_permission"
  }
},
{
  "model": "auth.permission",
  "pk": 21,
  "fields": {
    "name": "Can add group",
    "content_type": 6,
    "codename": "add_group"
  }
},
{
  "model": "auth.permission",
  "pk": 22,
  "fields": {
    "name": "Can change group",
    "content_type": 6,
    "codename": "change_group"
  }
},
{
  "model": "auth.permission",
  "pk": 23,
  "fields": {
    "name": "Can delete group",
    "content_type": 6,
    "codename": "delete_group"
  }
},
{
  "model": "auth.permission",
  "pk": 24,
  "fields": {
    "name": "Can view group",
    "content_type": 6,
    "codename": "view_group"
  }
},
{
  "model": "auth.permission",
  "pk": 25,
  "fields": {
    "name": "Can add user",
    "content_type": 7,
    "codename": "add_user"
  }
},
{
  "model": "auth.permission",
  "pk": 26,
  "fields": {
    "name": "Can change user",
    "content_type": 7,
    "codename": "change_user"
  }
},
{
  "model": "auth.permission",
  "pk": 27,
  "fields": {
    "name": "Can delete user",
    "content_type": 7,
    "codename": "delete_user"
  }
},
{
  "model": "auth.permission",
  "pk": 28,
  "fields": {
    "name": "Can view user",
    "content_type": 7,
    "codename": "view_user"
  }
},
{
  "model": "auth.permission",
  "pk": 29,
  "fields": {
    "name": "Can add content type",
    "content_type": 8,
    "codename": "add_contenttype"
  }
},
{
  "model": "auth.permission",
  "pk": 30,
  "fields": {
    "name": "Can change content type",
    "content_type": 8,
    "codename": "change_contenttype"
  }
},
{
  "model": "auth.permission",
  "pk": 31,
  "fields": {
    "name": "Can delete content type",
    "content_type": 8,
    "codename": "delete_contenttype"
  }
},
{
  "model": "auth.permission",
  "pk": 32,
  "fields": {
    "name": "Can view content type",
    "content_type": 8,
    "codename": "view_contenttype"
  }
},
{
  "model": "auth.permission",
  "pk": 33,
  "fields": {
    "name": "Can add session",
    "content_type": 9,
    "codename": "add_session"
  }
},
{
  "model": "auth.permission",
  "pk": 34,
  "fields": {
    "name": "Can change session",
    "content_type": 9,
    "codename": "change_session"
  }
},
{
  "model": "auth.permission",
  "pk": 35,
  "fields": {
    "name": "Can delete session",
    "content_type": 9,
    "codename": "delete_session"
  }
},
{
  "model": "auth.permission",
  "pk": 36,
  "fields": {
    "name": "Can view session",
    "content_type": 9,
    "codename": "view_session"
  }
},
{
  "model": "auth.permission",
  "pk": 37,
  "fields": {
    "name": "Can add image",
    "content_type": 10,
    "codename": "add_image"
  }
},
{
  "model": "auth.permission",
  "pk": 38,
  "fields": {
    "name": "Can change image",
    "content_type": 10,
    "codename": "change_image"
  }
},
{
  "model": "auth.permission",
  "pk": 39,
  "fields": {
    "name": "Can delete image",
    "content_type": 10,
    "codename": "delete_image"
  }
},
{
  "model": "auth.permission",
  "pk": 40,
  "fields": {
    "name": "Can view image",
    "content_type": 10,
    "codename": "view_image"
  }
},
{
  "model": "auth.permission",
  "pk": 41,
  "fields": {
    "name": "Can add images",
    "content_type": 11,
    "codename": "add_images"
  }
},
{
  "model": "auth.permission",
  "pk": 42,
  "fields": {
    "name": "Can change images",
    "content_type": 11,
    "codename": "change_images"
  }
},
{
  "model": "auth.permission",
  "pk": 43,
  "fields": {
    "name": "Can delete images",
    "content_type": 11,
    "codename": "delete_images"
  }
},
{
  "model": "auth.permission",
  "pk": 44,
  "fields": {
    "name": "Can view images",
    "content_type": 11,
    "codename": "view_images"
  }
},
{
  "model": "auth.permission",
  "pk": 45,
  "fields": {
    "name": "Can add kv store",
    "content_type": 12,
    "codename": "add_kvstore"
  }
},
{
  "model": "auth.permission",
  "pk": 46,
  "fields": {
    "name": "Can change kv store",
    "content_type": 12,
    "codename": "change_kvstore"
  }
},
{
  "model": "auth.permission",
  "pk": 47,
  "fields": {
    "name": "Can delete kv store",
    "content_type": 12,
    "codename": "delete_kvstore"
  }
},
{
  "model": "auth.permission",
  "pk": 48,
  "fields": {
    "name": "Can view kv store",
    "content_type": 12,
    "codename": "view_kvstore"
  }
},
{
  "model": "auth.permission",
  "pk": 49,
  "fields": {
    "name": "Can add main image",
    "content_type": 13,
    "codename": "add_mainimage"
  }
},
{
  "model": "auth.permission",
  "pk": 50,
  "fields": {
    "name": "Can change main image",
    "content_type": 13,
    "codename": "change_mainimage"
  }
},
{
  "model": "auth.permission",
  "pk": 51,
  "fields": {
    "name": "Can delete main image",
    "content_type": 13,
    "codename": "delete_mainimage"
  }
},
{
  "model": "auth.permission",
  "pk": 52,
  "fields": {
    "name": "Can view main image",
    "content_type": 13,
    "codename": "view_mainimage"
  }
},
{
  "model": "auth.user",
  "pk": 1,
  "fields": {
    "password": "pbkdf2_sha256$600000$Ub7JztvNhpfHHpbDQowGF6$Z1c3lQX7800p6rInYLkJAyLv5trduYsjVm2BfzfMsOA=",
    "last_login": null,
    "is_superuser": true,
    "username": "Ornyes",
    "first_name": "",
    "last_name": "",
    "email": "",
    "is_staff": true,
    "is_active": true,
    "date_joined": "2024-02-22T17:25:33.009Z",
    "groups": [],
    "user_permissions": []
  }
},
{
  "model": "auth.user",
  "pk": 2,
  "fields": {
    "password": "pbkdf2_sha256$600000$DESJYFyoxNJ2Zk3Wgh7YlI$dWYARNxRi2ByMpRM5PnBT9c361xGYlqe5mV5JsAFy2E=",
    "last_login": "2024-02-22T17:26:48.781Z",
    "is_superuser": true,
    "username": "Orneys",
    "first_name": "",
    "last_name": "",
    "email": "",
    "is_staff": true,
    "is_active": true,
    "date_joined": "2024-02-22T17:26:35.838Z",
    "groups": [],
    "user_permissions": []
  }
},
{
  "model": "contenttypes.contenttype",
  "pk": 1,
  "fields": {
    "app_label": "catalog",
    "model": "category"
  }
},
{
  "model": "contenttypes.contenttype",
  "pk": 2,
  "fields": {
    "app_label": "catalog",
    "model": "tag"
  }
},
{
  "model": "contenttypes.contenttype",
  "pk": 3,
  "fields": {
    "app_label": "catalog",
    "model": "item"
  }
},
{
  "model": "contenttypes.contenttype",
  "pk": 4,
  "fields": {
    "app_label": "admin",
    "model": "logentry"
  }
},
{
  "model": "contenttypes.contenttype",
  "pk": 5,
  "fields": {
    "app_label": "auth",
    "model": "permission"
  }
},
{
  "model": "contenttypes.contenttype",
  "pk": 6,
  "fields": {
    "app_label": "auth",
    "model": "group"
  }
},
{
  "model": "contenttypes.contenttype",
  "pk": 7,
  "fields": {
    "app_label": "auth",
    "model": "user"
  }
},
{
  "model": "contenttypes.contenttype",
  "pk": 8,
  "fields": {
    "app_label": "contenttypes",
    "model": "contenttype"
  }
},
{
  "model": "contenttypes.contenttype",
  "pk": 9,
  "fields": {
    "app_label": "sessions",
    "model": "session"
  }
},
{
  "model": "contenttypes.contenttype",
  "pk": 10,
  "fields": {
    "app_label": "catalog",
    "model": "image"
  }
},
{
  "model": "contenttypes.contenttype",
  "pk": 11,
  "fields": {
    "app_label": "catalog",
    "model": "images"
  }
},
{
  "model": "contenttypes.contenttype",
  "pk": 12,
  "fields": {
    "app_label": "thumbnail",
    "model": "kvstore"
  }
},
{
  "model": "contenttypes.contenttype",
  "pk": 13,
  "fields": {
    "app_label": "catalog",
    "model": "mainimage"
  }
},
{
  "model": "sessions.session",
  "pk": "00q1x4il8exsnupky38amoh44io05s84",
  "fields": {
    "session_data": ".eJxVjEEOwiAQRe_C2hBLgRlduu8ZyAwMUjU0Ke3KeHfbpAvd_vfef6tA61LC2mQOY1JXZdTpd2OKT6k7SA-q90nHqS7zyHpX9EGbHqYkr9vh_h0UamWrbZ_RAQF7b6TzEoHB5t5nRywWbRQQx9EZ2DQX8cIZBfNZ0HrxHavPF-pHODI:1rdCqO:npn00ItEa-ROXQ8ZUN3wndwdM2j9WCpElpn2-NCQNog",
    "expire_date": "2024-03-07T17:26:48.859Z"
  }
},
{
  "model": "thumbnail.kvstore",
  "pk": "sorl-thumbnail||image||03d5ad941911ad08762dcea3a2897f77",
  "fields": {
    "value": "{\"name\": \"cucumber_m3oBJ4e.jpg\", \"storage\": \"django.core.files.storage.filesystem.FileSystemStorage\", \"size\": [1600, 1148]}"
  }
},
{
  "model": "thumbnail.kvstore",
  "pk": "sorl-thumbnail||image||1fa3429656b9823ebaff3ed6f07d09da",
  "fields": {
    "value": "{\"name\": \"1614385102_12-p-yabloko-na-svetlom-fone-12.jpg\", \"storage\": \"django.core.files.storage.filesystem.FileSystemStorage\", \"size\": [1280, 817]}"
  }
},
{
  "model": "thumbnail.kvstore",
  "pk": "sorl-thumbnail||image||30b43f7e3f3912cf61580bf81cea5ca2",
  "fields": {
    "value": "{\"name\": \"beef.jpg\", \"storage\": \"django.core.files.storage.filesystem.FileSystemStorage\", \"size\": [1400, 934]}"
  }
},
{
  "model": "thumbnail.kvstore",
  "pk": "sorl-thumbnail||image||35fbe7bf0680cfb552b65fa58e36a805",
  "fields": {
    "value": "{\"name\": \"cache/25/c2/25c23ac307516ee1aca6785f13260df3.jpg\", \"storage\": \"django.core.files.storage.filesystem.FileSystemStorage\", \"size\": [300, 300]}"
  }
},
{
  "model": "thumbnail.kvstore",
  "pk": "sorl-thumbnail||image||4e28eb98bcf0e0650437a0ea9f7cc0fe",
  "fields": {
    "value": "{\"name\": \"cache/ab/53/ab534e331f9ca524a5433723a0d9c1e7.jpg\", \"storage\": \"django.core.files.storage.filesystem.FileSystemStorage\", \"size\": [300, 300]}"
  }
},
{
  "model": "thumbnail.kvstore",
  "pk": "sorl-thumbnail||image||50469c7486e65087bf61e17823955841",
  "fields": {
    "value": "{\"name\": \"cache/6d/80/6d80841592c05a91dfb18e83c65c20be.jpg\", \"storage\": \"django.core.files.storage.filesystem.FileSystemStorage\", \"size\": [300, 300]}"
  }
},
{
  "model": "thumbnail.kvstore",
  "pk": "sorl-thumbnail||image||5105239bbe796f13dbcaf0c96a780d4f",
  "fields": {
    "value": "{\"name\": \"baranina.jpg\", \"storage\": \"django.core.files.storage.filesystem.FileSystemStorage\", \"size\": [1013, 675]}"
  }
},
{
  "model": "thumbnail.kvstore",
  "pk": "sorl-thumbnail||image||53d029367c75285de4d97d1d928e3021",
  "fields": {
    "value": "{\"name\": \"apple_WBow8F4.jpg\", \"storage\": \"django.core.files.storage.filesystem.FileSystemStorage\", \"size\": [1280, 805]}"
  }
},
{
  "model": "thumbnail.kvstore",
  "pk": "sorl-thumbnail||image||588fbfda655633c5c9c5a82636ae2765",
  "fields": {
    "value": "{\"name\": \"baranina_32R7bp0.jpg\", \"storage\": \"django.core.files.storage.filesystem.FileSystemStorage\", \"size\": [1013, 675]}"
  }
},
{
  "model": "thumbnail.kvstore",
  "pk": "sorl-thumbnail||image||65c743ded0be64c157c23d5215cc7770",
  "fields": {
    "value": "{\"name\": \"cache/d1/03/d1030e89d6928f1a8f51a64e64b97fb9.jpg\", \"storage\": \"django.core.files.storage.filesystem.FileSystemStorage\", \"size\": [300, 300]}"
  }
},
{
  "model": "thumbnail.kvstore",
  "pk": "sorl-thumbnail||image||7ea85d187d037b227f11e94941d8bc74",
  "fields": {
    "value": "{\"name\": \"cabbage.jpg\", \"storage\": \"django.core.files.storage.filesystem.FileSystemStorage\", \"size\": [2048, 1365]}"
  }
},
{
  "model": "thumbnail.kvstore",
  "pk": "sorl-thumbnail||image||863bbc91bc118b359cbc8f928b59297f",
  "fields": {
    "value": "{\"name\": \"cache/ca/df/cadf8c77279dccf0a8715d3a3acb5835.jpg\", \"storage\": \"django.core.files.storage.filesystem.FileSystemStorage\", \"size\": [300, 300]}"
  }
},
{
  "model": "thumbnail.kvstore",
  "pk": "sorl-thumbnail||image||8a8ec7034436703d9b46441f719f888e",
  "fields": {
    "value": "{\"name\": \"cache/6f/59/6f59be3b975d0579c7726d92f94683f3.jpg\", \"storage\": \"django.core.files.storage.filesystem.FileSystemStorage\", \"size\": [300, 300]}"
  }
},
{
  "model": "thumbnail.kvstore",
  "pk": "sorl-thumbnail||image||8ea5d637025062680a83235b381fb6f1",
  "fields": {
    "value": "{\"name\": \"cache/d2/3d/d23dd709c2e4786b104546c695566e5f.jpg\", \"storage\": \"django.core.files.storage.filesystem.FileSystemStorage\", \"size\": [300, 300]}"
  }
},
{
  "model": "thumbnail.kvstore",
  "pk": "sorl-thumbnail||image||941c9f032f2ef70d3681137a3ddeddbd",
  "fields": {
    "value": "{\"name\": \"cache/89/11/891174eb35cb4be3b4c5faba67805df5.jpg\", \"storage\": \"django.core.files.storage.filesystem.FileSystemStorage\", \"size\": [300, 300]}"
  }
},
{
  "model": "thumbnail.kvstore",
  "pk": "sorl-thumbnail||image||9ac37253e6768be2df21244002dec10b",
  "fields": {
    "value": "{\"name\": \"cache/3a/a6/3aa66a7f93e8c8c08901ab0755a42287.jpg\", \"storage\": \"django.core.files.storage.filesystem.FileSystemStorage\", \"size\": [300, 300]}"
  }
},
{
  "model": "thumbnail.kvstore",
  "pk": "sorl-thumbnail||image||9d54a9954a096a76e69cc2ada78b5ba2",
  "fields": {
    "value": "{\"name\": \"cache/0a/6b/0a6bfb717e8e7080d5d1a0c003f5b838.jpg\", \"storage\": \"django.core.files.storage.filesystem.FileSystemStorage\", \"size\": [300, 300]}"
  }
},
{
  "model": "thumbnail.kvstore",
  "pk": "sorl-thumbnail||image||aa2ac547046e41b7eea135553724b49a",
  "fields": {
    "value": "{\"name\": \"baranina-kare.jpg\", \"storage\": \"django.core.files.storage.filesystem.FileSystemStorage\", \"size\": [800, 800]}"
  }
},
{
  "model": "thumbnail.kvstore",
  "pk": "sorl-thumbnail||image||b01b9e9493b30a5f378f9ddf77ed980a",
  "fields": {
    "value": "{\"name\": \"cache/df/c3/dfc39d740c52b28f36f1cb0fb8503f5d.jpg\", \"storage\": \"django.core.files.storage.filesystem.FileSystemStorage\", \"size\": [300, 300]}"
  }
},
{
  "model": "thumbnail.kvstore",
  "pk": "sorl-thumbnail||image||b9255a912f6642aa0bd334ab34d0b6cb",
  "fields": {
    "value": "{\"name\": \"cache/1c/c5/1cc527316fd976cfdd7457f310b55023.jpg\", \"storage\": \"django.core.files.storage.filesystem.FileSystemStorage\", \"size\": [300, 300]}"
  }
},
{
  "model": "thumbnail.kvstore",
  "pk": "sorl-thumbnail||image||ba548aa432440e084b40013843668afd",
  "fields": {
    "value": "{\"name\": \"beef_DQtSnKZ.jpg\", \"storage\": \"django.core.files.storage.filesystem.FileSystemStorage\", \"size\": [1400, 934]}"
  }
},
{
  "model": "thumbnail.kvstore",
  "pk": "sorl-thumbnail||image||c13ffafe5532b5e974d213b5fbb0f5dd",
  "fields": {
    "value": "{\"name\": \"cache/13/e7/13e7e87725d6f733439fd8fb54d4118a.jpg\", \"storage\": \"django.core.files.storage.filesystem.FileSystemStorage\", \"size\": [300, 300]}"
  }
},
{
  "model": "thumbnail.kvstore",
  "pk": "sorl-thumbnail||image||c7fd0ac6f1fa590430dc8e90c1553fad",
  "fields": {
    "value": "{\"name\": \"cabbage_GLKLjbM.jpg\", \"storage\": \"django.core.files.storage.filesystem.FileSystemStorage\", \"size\": [2048, 1365]}"
  }
},
{
  "model": "thumbnail.kvstore",
  "pk": "sorl-thumbnail||image||cb55ddc0af3d184ba7fa60d93ee40153",
  "fields": {
    "value": "{\"name\": \"media/baranina.jpg\", \"storage\": \"django.core.files.storage.filesystem.FileSystemStorage\", \"size\": [1013, 675]}"
  }
},
{
  "model": "thumbnail.kvstore",
  "pk": "sorl-thumbnail||image||d2a8aee820e62c189ec5c1a7527e31b2",
  "fields": {
    "value": "{\"name\": \"cache/a1/07/a1078afb48effa9c88e8682ae5dd2dc0.jpg\", \"storage\": \"django.core.files.storage.filesystem.FileSystemStorage\", \"size\": [300, 300]}"
  }
},
{
  "model": "thumbnail.kvstore",
  "pk": "sorl-thumbnail||image||d9d2bf850f9e0da23254bcc442e684d7",
  "fields": {
    "value": "{\"name\": \"cucumber_lHD4mFb.jpg\", \"storage\": \"django.core.files.storage.filesystem.FileSystemStorage\", \"size\": [1600, 1148]}"
  }
},
{
  "model": "thumbnail.kvstore",
  "pk": "sorl-thumbnail||image||db755c2d1224c79f89242e557de3923d",
  "fields": {
    "value": "{\"name\": \"cache/a9/21/a921461e9738b429da84fb14a059fd5b.jpg\", \"storage\": \"django.core.files.storage.filesystem.FileSystemStorage\", \"size\": [300, 300]}"
  }
},
{
  "model": "thumbnail.kvstore",
  "pk": "sorl-thumbnail||image||e1c121ff764792360e94290076932a2a",
  "fields": {
    "value": "{\"name\": \"cache/66/64/666432ad6a0be193efb9e952bc1d3272.jpg\", \"storage\": \"django.core.files.storage.filesystem.FileSystemStorage\", \"size\": [300, 300]}"
  }
},
{
  "model": "thumbnail.kvstore",
  "pk": "sorl-thumbnail||image||e354e020c0c956c8b2d53d773712be3e",
  "fields": {
    "value": "{\"name\": \"cache/f9/95/f9950ec9e435f9d7aaa4b8bf49ce4dd7.jpg\", \"storage\": \"django.core.files.storage.filesystem.FileSystemStorage\", \"size\": [300, 300]}"
  }
},
{
  "model": "thumbnail.kvstore",
  "pk": "sorl-thumbnail||image||e89cdc107c52c13dc02a88148bc148fa",
  "fields": {
    "value": "{\"name\": \"cabbage_p7CCfdk.jpg\", \"storage\": \"django.core.files.storage.filesystem.FileSystemStorage\", \"size\": [2048, 1365]}"
  }
},
{
  "model": "thumbnail.kvstore",
  "pk": "sorl-thumbnail||image||e98b16711ba7faeef10fffc89e7eb890",
  "fields": {
    "value": "{\"name\": \"apple.jpg\", \"storage\": \"django.core.files.storage.filesystem.FileSystemStorage\", \"size\": [1280, 805]}"
  }
},
{
  "model": "thumbnail.kvstore",
  "pk": "sorl-thumbnail||image||ee8c37f7261d712a3df0deda47616df6",
  "fields": {
    "value": "{\"name\": \"beef_qz8Axhi.jpg\", \"storage\": \"django.core.files.storage.filesystem.FileSystemStorage\", \"size\": [1400, 934]}"
  }
},
{
  "model": "thumbnail.kvstore",
  "pk": "sorl-thumbnail||image||f42bb154a4c1d04f7b7da2c58b83e591",
  "fields": {
    "value": "{\"name\": \"apple.jpeg\", \"storage\": \"django.core.files.storage.filesystem.FileSystemStorage\", \"size\": [1280, 805]}"
  }
},
{
  "model": "thumbnail.kvstore",
  "pk": "sorl-thumbnail||image||f96150006cb81221306b3e22e33ea110",
  "fields": {
    "value": "{\"name\": \"cucumber.jpg\", \"storage\": \"django.core.files.storage.filesystem.FileSystemStorage\", \"size\": [1600, 1148]}"
  }
},
{
  "model": "thumbnail.kvstore",
  "pk": "sorl-thumbnail||thumbnails||03d5ad941911ad08762dcea3a2897f77",
  "fields": {
    "value": "[\"e354e020c0c956c8b2d53d773712be3e\"]"
  }
},
{
  "model": "thumbnail.kvstore",
  "pk": "sorl-thumbnail||thumbnails||1fa3429656b9823ebaff3ed6f07d09da",
  "fields": {
    "value": "[\"50469c7486e65087bf61e17823955841\"]"
  }
},
{
  "model": "thumbnail.kvstore",
  "pk": "sorl-thumbnail||thumbnails||30b43f7e3f3912cf61580bf81cea5ca2",
  "fields": {
    "value": "[\"863bbc91bc118b359cbc8f928b59297f\"]"
  }
},
{
  "model": "thumbnail.kvstore",
  "pk": "sorl-thumbnail||thumbnails||5105239bbe796f13dbcaf0c96a780d4f",
  "fields": {
    "value": "[\"d2a8aee820e62c189ec5c1a7527e31b2\"]"
  }
},
{
  "model": "thumbnail.kvstore",
  "pk": "sorl-thumbnail||thumbnails||53d029367c75285de4d97d1d928e3021",
  "fields": {
    "value": "[\"9d54a9954a096a76e69cc2ada78b5ba2\"]"
  }
},
{
  "model": "thumbnail.kvstore",
  "pk": "sorl-thumbnail||thumbnails||588fbfda655633c5c9c5a82636ae2765",
  "fields": {
    "value": "[\"db755c2d1224c79f89242e557de3923d\"]"
  }
},
{
  "model": "thumbnail.kvstore",
  "pk": "sorl-thumbnail||thumbnails||7ea85d187d037b227f11e94941d8bc74",
  "fields": {
    "value": "[\"4e28eb98bcf0e0650437a0ea9f7cc0fe\"]"
  }
},
{
  "model": "thumbnail.kvstore",
  "pk": "sorl-thumbnail||thumbnails||aa2ac547046e41b7eea135553724b49a",
  "fields": {
    "value": "[\"65c743ded0be64c157c23d5215cc7770\"]"
  }
},
{
  "model": "thumbnail.kvstore",
  "pk": "sorl-thumbnail||thumbnails||ba548aa432440e084b40013843668afd",
  "fields": {
    "value": "[\"941c9f032f2ef70d3681137a3ddeddbd\"]"
  }
},
{
  "model": "thumbnail.kvstore",
  "pk": "sorl-thumbnail||thumbnails||c7fd0ac6f1fa590430dc8e90c1553fad",
  "fields": {
    "value": "[\"b9255a912f6642aa0bd334ab34d0b6cb\"]"
  }
},
{
  "model": "thumbnail.kvstore",
  "pk": "sorl-thumbnail||thumbnails||cb55ddc0af3d184ba7fa60d93ee40153",
  "fields": {
    "value": "[\"c13ffafe5532b5e974d213b5fbb0f5dd\"]"
  }
},
{
  "model": "thumbnail.kvstore",
  "pk": "sorl-thumbnail||thumbnails||d9d2bf850f9e0da23254bcc442e684d7",
  "fields": {
    "value": "[\"8ea5d637025062680a83235b381fb6f1\"]"
  }
},
{
  "model": "thumbnail.kvstore",
  "pk": "sorl-thumbnail||thumbnails||e89cdc107c52c13dc02a88148bc148fa",
  "fields": {
    "value": "[\"9ac37253e6768be2df21244002dec10b\"]"
  }
},
{
  "model": "thumbnail.kvstore",
  "pk": "sorl-thumbnail||thumbnails||e98b16711ba7faeef10fffc89e7eb890",
  "fields": {
    "value": "[\"35fbe7bf0680cfb552b65fa58e36a805\"]"
  }
},
{
  "model": "thumbnail.kvstore",
  "pk": "sorl-thumbnail||thumbnails||ee8c37f7261d712a3df0deda47616df6",
  "fields": {
    "value": "[\"e1c121ff764792360e94290076932a2a\"]"
  }
},
{
  "model": "thumbnail.kvstore",
  "pk": "sorl-thumbnail||thumbnails||f42bb154a4c1d04f7b7da2c58b83e591",
  "fields": {
    "value": "[\"b01b9e9493b30a5f378f9ddf77ed980a\"]"
  }
},
{
  "model": "thumbnail.kvstore",
  "pk": "sorl-thumbnail||thumbnails||f96150006cb81221306b3e22e33ea110",
  "fields": {
    "value": "[\"8a8ec7034436703d9b46441f719f888e\"]"
  }
}
]
