[
{
  "model": "catalog.category",
  "pk": 1,
  "fields": {
    "name": "Овощи",
    "is_published": true,
    "slug": "qwer",
    "weight": 100,
    "normalization_data": "ovoshchi"
  }
},
{
  "model": "catalog.category",
  "pk": 2,
  "fields": {
    "name": "Фрукты",
    "is_published": true,
    "slug": "afrsgd",
    "weight": 100,
    "normalization_data": "frukty"
  }
},
{
  "model": "catalog.category",
  "pk": 3,
  "fields": {
    "name": "Мясо",
    "is_published": true,
    "slug": "aesfg",
    "weight": 100,
    "normalization_data": "miaso"
  }
},
{
  "model": "catalog.tag",
  "pk": 1,
  "fields": {
    "name": "Вкусно",
    "is_published": true,
    "slug": "asdfgdh",
    "normalization_data": "vkusno"
  }
},
{
  "model": "catalog.tag",
  "pk": 2,
  "fields": {
    "name": "Питательно",
    "is_published": true,
    "slug": "asfegrd",
    "normalization_data": "pitatel'no"
  }
},
{
  "model": "catalog.tag",
  "pk": 3,
  "fields": {
    "name": "ДляДома",
    "is_published": true,
    "slug": "yuio",
    "normalization_data": "dliadoma"
  }
},
{
  "model": "catalog.tag",
  "pk": 4,
  "fields": {
    "name": "СпортПит",
    "is_published": true,
    "slug": "aef",
    "normalization_data": "sportpit"
  }
},
{
  "model": "catalog.tag",
  "pk": 5,
  "fields": {
    "name": "Фреш",
    "is_published": true,
    "slug": "aersgrdhvj",
    "normalization_data": "fresh"
  }
},
{
  "model": "catalog.item",
  "pk": 1,
  "fields": {
    "name": "Капуста",
    "is_published": true,
    "text": "Превосходно",
    "category": 1,
    "tags": [
      2
    ]
  }
},
{
  "model": "catalog.item",
  "pk": 2,
  "fields": {
    "name": "Яблоко",
    "is_published": true,
    "text": "Превосходно",
    "category": 2,
    "tags": [
      3
    ]
  }
},
{
  "model": "catalog.item",
  "pk": 3,
  "fields": {
    "name": "Баранина",
    "is_published": true,
    "text": "Превосходно",
    "category": 3,
    "tags": [
      1
    ]
  }
},
{
  "model": "catalog.item",
  "pk": 4,
  "fields": {
    "name": "Говядина",
    "is_published": true,
    "text": "Превосходно",
    "category": 3,
    "tags": [
      3
    ]
  }
},
{
  "model": "catalog.item",
  "pk": 5,
  "fields": {
    "name": "Огурец",
    "is_published": true,
    "text": "Превосходно",
    "category": 1,
    "tags": [
      5
    ]
  }
},
{
  "model": "catalog.mainimage",
  "pk": 1,
  "fields": {
    "image": "cabbage_6SvEHEo.jpg",
    "item": 1
  }
},
{
  "model": "catalog.mainimage",
  "pk": 2,
  "fields": {
    "image": "apple_gdl1Xcp.jpg",
    "item": 2
  }
},
{
  "model": "catalog.mainimage",
  "pk": 3,
  "fields": {
    "image": "baranina_iE8MZgp.jpg",
    "item": 3
  }
},
{
  "model": "catalog.mainimage",
  "pk": 4,
  "fields": {
    "image": "beef_hC0nBYL.jpg",
    "item": 4
  }
},
{
  "model": "catalog.mainimage",
  "pk": 5,
  "fields": {
    "image": "cucumber_eRzthIL.jpg",
    "item": 5
  }
},
{
  "model": "admin.logentry",
  "pk": 1,
  "fields": {
    "action_time": "2024-03-01T20:13:10.743Z",
    "user": 1,
    "content_type": 1,
    "object_id": "1",
    "object_repr": "Овощи",
    "action_flag": 1,
    "change_message": "[{\"added\": {}}]"
  }
},
{
  "model": "admin.logentry",
  "pk": 2,
  "fields": {
    "action_time": "2024-03-01T20:13:16.700Z",
    "user": 1,
    "content_type": 1,
    "object_id": "2",
    "object_repr": "Фрукты",
    "action_flag": 1,
    "change_message": "[{\"added\": {}}]"
  }
},
{
  "model": "admin.logentry",
  "pk": 3,
  "fields": {
    "action_time": "2024-03-01T20:13:25.784Z",
    "user": 1,
    "content_type": 1,
    "object_id": "3",
    "object_repr": "Мясо",
    "action_flag": 1,
    "change_message": "[{\"added\": {}}]"
  }
},
{
  "model": "admin.logentry",
  "pk": 4,
  "fields": {
    "action_time": "2024-03-01T20:13:32.917Z",
    "user": 1,
    "content_type": 2,
    "object_id": "1",
    "object_repr": "Вкусно",
    "action_flag": 1,
    "change_message": "[{\"added\": {}}]"
  }
},
{
  "model": "admin.logentry",
  "pk": 5,
  "fields": {
    "action_time": "2024-03-01T20:13:39.372Z",
    "user": 1,
    "content_type": 2,
    "object_id": "2",
    "object_repr": "Питательно",
    "action_flag": 1,
    "change_message": "[{\"added\": {}}]"
  }
},
{
  "model": "admin.logentry",
  "pk": 6,
  "fields": {
    "action_time": "2024-03-01T20:13:53.599Z",
    "user": 1,
    "content_type": 2,
    "object_id": "3",
    "object_repr": "ДляДома",
    "action_flag": 1,
    "change_message": "[{\"added\": {}}]"
  }
},
{
  "model": "admin.logentry",
  "pk": 7,
  "fields": {
    "action_time": "2024-03-01T20:14:02.034Z",
    "user": 1,
    "content_type": 2,
    "object_id": "4",
    "object_repr": "СпортПит",
    "action_flag": 1,
    "change_message": "[{\"added\": {}}]"
  }
},
{
  "model": "admin.logentry",
  "pk": 8,
  "fields": {
    "action_time": "2024-03-01T20:14:11.228Z",
    "user": 1,
    "content_type": 2,
    "object_id": "5",
    "object_repr": "Фреш",
    "action_flag": 1,
    "change_message": "[{\"added\": {}}]"
  }
},
{
  "model": "admin.logentry",
  "pk": 9,
  "fields": {
    "action_time": "2024-03-01T20:14:23.794Z",
    "user": 1,
    "content_type": 3,
    "object_id": "1",
    "object_repr": "Капуста",
    "action_flag": 1,
    "change_message": "[{\"added\": {}}]"
  }
},
{
  "model": "admin.logentry",
  "pk": 10,
  "fields": {
    "action_time": "2024-03-01T20:14:33.755Z",
    "user": 1,
    "content_type": 3,
    "object_id": "2",
    "object_repr": "Яблоко",
    "action_flag": 1,
    "change_message": "[{\"added\": {}}]"
  }
},
{
  "model": "admin.logentry",
  "pk": 11,
  "fields": {
    "action_time": "2024-03-01T20:14:42.638Z",
    "user": 1,
    "content_type": 3,
    "object_id": "3",
    "object_repr": "Баранина",
    "action_flag": 1,
    "change_message": "[{\"added\": {}}]"
  }
},
{
  "model": "admin.logentry",
  "pk": 12,
  "fields": {
    "action_time": "2024-03-01T20:14:50.795Z",
    "user": 1,
    "content_type": 3,
    "object_id": "4",
    "object_repr": "Говядина",
    "action_flag": 1,
    "change_message": "[{\"added\": {}}]"
  }
},
{
  "model": "admin.logentry",
  "pk": 13,
  "fields": {
    "action_time": "2024-03-01T20:15:00.205Z",
    "user": 1,
    "content_type": 3,
    "object_id": "5",
    "object_repr": "Огурец",
    "action_flag": 1,
    "change_message": "[{\"added\": {}}]"
  }
},
{
  "model": "admin.logentry",
  "pk": 14,
  "fields": {
    "action_time": "2024-03-01T20:17:41.812Z",
    "user": 1,
    "content_type": 11,
    "object_id": "1",
    "object_repr": "/media/apple_hjFthUS.jpg",
    "action_flag": 1,
    "change_message": "[{\"added\": {}}]"
  }
},
{
  "model": "admin.logentry",
  "pk": 15,
  "fields": {
    "action_time": "2024-03-01T20:17:51.065Z",
    "user": 1,
    "content_type": 11,
    "object_id": "2",
    "object_repr": "/media/baranina_WtvJRuX.jpg",
    "action_flag": 1,
    "change_message": "[{\"added\": {}}]"
  }
},
{
  "model": "admin.logentry",
  "pk": 16,
  "fields": {
    "action_time": "2024-03-01T20:20:11.260Z",
    "user": 1,
    "content_type": 11,
    "object_id": "3",
    "object_repr": "/media/apple_gdl1Xcp.jpg",
    "action_flag": 1,
    "change_message": "[{\"added\": {}}]"
  }
},
{
  "model": "admin.logentry",
  "pk": 17,
  "fields": {
    "action_time": "2024-03-01T20:20:18.428Z",
    "user": 1,
    "content_type": 11,
    "object_id": "4",
    "object_repr": "/media/baranina_iE8MZgp.jpg",
    "action_flag": 1,
    "change_message": "[{\"added\": {}}]"
  }
},
{
  "model": "admin.logentry",
  "pk": 18,
  "fields": {
    "action_time": "2024-03-01T20:20:28.296Z",
    "user": 1,
    "content_type": 11,
    "object_id": "5",
    "object_repr": "/media/beef_hC0nBYL.jpg",
    "action_flag": 1,
    "change_message": "[{\"added\": {}}]"
  }
},
{
  "model": "admin.logentry",
  "pk": 19,
  "fields": {
    "action_time": "2024-03-01T20:20:37.313Z",
    "user": 1,
    "content_type": 11,
    "object_id": "6",
    "object_repr": "/media/cabbage_6SvEHEo.jpg",
    "action_flag": 1,
    "change_message": "[{\"added\": {}}]"
  }
},
{
  "model": "admin.logentry",
  "pk": 20,
  "fields": {
    "action_time": "2024-03-01T20:20:42.979Z",
    "user": 1,
    "content_type": 11,
    "object_id": "7",
    "object_repr": "/media/cucumber_eRzthIL.jpg",
    "action_flag": 1,
    "change_message": "[{\"added\": {}}]"
  }
},
{
  "model": "auth.user",
  "pk": 1,
  "fields": {
    "password": "pbkdf2_sha256$600000$j936FJS2y2dkvXX3Sdns8o$kIuf8vdYLWN0qB+WjCX1msGv3zTGW15mRSf752S6BA4=",
    "last_login": "2024-03-01T20:12:29.594Z",
    "is_superuser": true,
    "username": "Orneys",
    "first_name": "",
    "last_name": "",
    "email": "",
    "is_staff": true,
    "is_active": true,
    "date_joined": "2024-03-01T20:12:19.784Z",
    "groups": [],
    "user_permissions": []
  }
},
{
  "model": "sessions.session",
  "pk": "gkfwzlat6jo5xvgw4t0q2bxawafkt4ad",
  "fields": {
    "session_data": ".eJxVjDsOwjAQBe_iGlk28W8p6XMGy95d4wBypDipEHeHSCmgfTPzXiKmba1x67zEicRFaHH63XLCB7cd0D212yxxbusyZbkr8qBdjjPx83q4fwc19fqtB0U4AGvWxQTNkJHIWCCDwAGCAVIqWa2KZ-eSt4bZmzMQsvMWixbvD-17OCA:1rg9F7:JL_1tN-AyZJZv25GR2yChh9aRik_-H6qX-KicBwTzZk",
    "expire_date": "2024-03-15T20:12:29.681Z"
  }
},
{
  "model": "thumbnail.kvstore",
  "pk": "sorl-thumbnail||image||07e3843417d09ecb3efb56d494a3f65b",
  "fields": {
    "value": "{\"name\": \"cache/ff/e3/ffe3cc65fe1f5cae1e0c7244fe48db3a.jpg\", \"storage\": \"django.core.files.storage.filesystem.FileSystemStorage\", \"size\": [300, 300]}"
  }
},
{
  "model": "thumbnail.kvstore",
  "pk": "sorl-thumbnail||image||235f723e81e9d7ace4cd42c370a83c3a",
  "fields": {
    "value": "{\"name\": \"cache/b5/43/b543f82c888e401ea288c46a271201d2.jpg\", \"storage\": \"django.core.files.storage.filesystem.FileSystemStorage\", \"size\": [300, 300]}"
  }
},
{
  "model": "thumbnail.kvstore",
  "pk": "sorl-thumbnail||image||3f1f01a212a98a43c40c58a5ef97036c",
  "fields": {
    "value": "{\"name\": \"baranina_iE8MZgp.jpg\", \"storage\": \"django.core.files.storage.filesystem.FileSystemStorage\", \"size\": [1013, 675]}"
  }
},
{
  "model": "thumbnail.kvstore",
  "pk": "sorl-thumbnail||image||48c6dafd2faedbe1fdb7577812a6914b",
  "fields": {
    "value": "{\"name\": \"beef_hC0nBYL.jpg\", \"storage\": \"django.core.files.storage.filesystem.FileSystemStorage\", \"size\": [1400, 934]}"
  }
},
{
  "model": "thumbnail.kvstore",
  "pk": "sorl-thumbnail||image||4f812b13b37d257f523230116dbef1dd",
  "fields": {
    "value": "{\"name\": \"apple_hjFthUS.jpg\", \"storage\": \"django.core.files.storage.filesystem.FileSystemStorage\", \"size\": [1280, 805]}"
  }
},
{
  "model": "thumbnail.kvstore",
  "pk": "sorl-thumbnail||image||524746794d7e1643b707b8dcc90ba82e",
  "fields": {
    "value": "{\"name\": \"cache/34/41/3441a8637c5959c062a6972a7ffdec0f.jpg\", \"storage\": \"django.core.files.storage.filesystem.FileSystemStorage\", \"size\": [300, 300]}"
  }
},
{
  "model": "thumbnail.kvstore",
  "pk": "sorl-thumbnail||image||74941bd9ed01dbe782d377d17ef13b99",
  "fields": {
    "value": "{\"name\": \"cabbage_6SvEHEo.jpg\", \"storage\": \"django.core.files.storage.filesystem.FileSystemStorage\", \"size\": [2048, 1365]}"
  }
},
{
  "model": "thumbnail.kvstore",
  "pk": "sorl-thumbnail||image||8438015a9bced54643b0050b6df4ac8e",
  "fields": {
    "value": "{\"name\": \"cache/70/07/7007d758d81a3895270cb488d5ee49f6.jpg\", \"storage\": \"django.core.files.storage.filesystem.FileSystemStorage\", \"size\": [300, 300]}"
  }
},
{
  "model": "thumbnail.kvstore",
  "pk": "sorl-thumbnail||image||857e4fa54c25b865987f693b1ee0f922",
  "fields": {
    "value": "{\"name\": \"cache/db/57/db57f152df24e0085d9b7e47a28d8ce6.jpg\", \"storage\": \"django.core.files.storage.filesystem.FileSystemStorage\", \"size\": [300, 300]}"
  }
},
{
  "model": "thumbnail.kvstore",
  "pk": "sorl-thumbnail||image||a70bc39132d0a1d6b916c53eefb712cf",
  "fields": {
    "value": "{\"name\": \"cucumber_eRzthIL.jpg\", \"storage\": \"django.core.files.storage.filesystem.FileSystemStorage\", \"size\": [1600, 1148]}"
  }
},
{
  "model": "thumbnail.kvstore",
  "pk": "sorl-thumbnail||image||c1671e2f13f721b48bf27dcb0612b25a",
  "fields": {
    "value": "{\"name\": \"cache/ef/9d/ef9d83b9fa6bec682ebf003b8a6b7fe1.jpg\", \"storage\": \"django.core.files.storage.filesystem.FileSystemStorage\", \"size\": [300, 300]}"
  }
},
{
  "model": "thumbnail.kvstore",
  "pk": "sorl-thumbnail||image||db8ee2a73eb10ea5dca8927e01691cf8",
  "fields": {
    "value": "{\"name\": \"baranina_WtvJRuX.jpg\", \"storage\": \"django.core.files.storage.filesystem.FileSystemStorage\", \"size\": [1013, 675]}"
  }
},
{
  "model": "thumbnail.kvstore",
  "pk": "sorl-thumbnail||image||e07c50f0780df5ba7abe892b1d7c6df9",
  "fields": {
    "value": "{\"name\": \"cache/af/2a/af2ab107ba83a8de5d8b98afcb3a8329.jpg\", \"storage\": \"django.core.files.storage.filesystem.FileSystemStorage\", \"size\": [300, 300]}"
  }
},
{
  "model": "thumbnail.kvstore",
  "pk": "sorl-thumbnail||image||e7da2b837bc56026d41861cb25b8ddfe",
  "fields": {
    "value": "{\"name\": \"apple_gdl1Xcp.jpg\", \"storage\": \"django.core.files.storage.filesystem.FileSystemStorage\", \"size\": [1280, 805]}"
  }
},
{
  "model": "thumbnail.kvstore",
  "pk": "sorl-thumbnail||thumbnails||3f1f01a212a98a43c40c58a5ef97036c",
  "fields": {
    "value": "[\"8438015a9bced54643b0050b6df4ac8e\"]"
  }
},
{
  "model": "thumbnail.kvstore",
  "pk": "sorl-thumbnail||thumbnails||48c6dafd2faedbe1fdb7577812a6914b",
  "fields": {
    "value": "[\"524746794d7e1643b707b8dcc90ba82e\"]"
  }
},
{
  "model": "thumbnail.kvstore",
  "pk": "sorl-thumbnail||thumbnails||4f812b13b37d257f523230116dbef1dd",
  "fields": {
    "value": "[\"235f723e81e9d7ace4cd42c370a83c3a\"]"
  }
},
{
  "model": "thumbnail.kvstore",
  "pk": "sorl-thumbnail||thumbnails||74941bd9ed01dbe782d377d17ef13b99",
  "fields": {
    "value": "[\"07e3843417d09ecb3efb56d494a3f65b\"]"
  }
},
{
  "model": "thumbnail.kvstore",
  "pk": "sorl-thumbnail||thumbnails||a70bc39132d0a1d6b916c53eefb712cf",
  "fields": {
    "value": "[\"e07c50f0780df5ba7abe892b1d7c6df9\"]"
  }
},
{
  "model": "thumbnail.kvstore",
  "pk": "sorl-thumbnail||thumbnails||db8ee2a73eb10ea5dca8927e01691cf8",
  "fields": {
    "value": "[\"c1671e2f13f721b48bf27dcb0612b25a\"]"
  }
},
{
  "model": "thumbnail.kvstore",
  "pk": "sorl-thumbnail||thumbnails||e7da2b837bc56026d41861cb25b8ddfe",
  "fields": {
    "value": "[\"857e4fa54c25b865987f693b1ee0f922\"]"
  }
}
]
